City_ID,City,Country,Lat,Lng,Max Temp,Humidity,Cloudiness,Wind Speed,Current Description
0,Mataura,NZ,-46.1927,168.8643,49.57,99,100,2.21,moderate rain
1,Cherskiy,RU,68.75,161.3,55.98,39,2,5.01,clear sky
2,Castro,BR,-24.7911,-50.0119,49.15,78,0,2.42,clear sky
3,Beloha,MG,-25.1667,45.05,66.36,74,0,4.88,clear sky
4,Saskylakh,RU,71.9167,114.0833,50.81,54,98,8.01,overcast clouds
5,Price,US,39.5994,-110.8107,91.11,6,1,3.44,clear sky
6,Yulara,AU,-25.2406,130.9889,58.84,33,75,10.36,broken clouds
7,Jiuquan,CN,39.7432,98.5174,65.77,48,74,3.36,broken clouds
8,Kavieng,PG,-2.5744,150.7967,83.77,69,2,10.42,clear sky
9,Klaksvik,FO,62.2266,-6.589,45.52,73,100,5.88,overcast clouds
10,Atuona,PF,-9.8,-139.0333,79.11,76,48,17.05,scattered clouds
11,Punta Arenas,CL,-53.15,-70.9167,39.11,87,20,11.5,few clouds
12,Sur,OM,22.5667,59.5289,87.78,62,0,7.94,clear sky
13,Rikitea,PF,-23.1203,-134.9692,76.33,74,99,10.69,overcast clouds
14,Avera,US,33.194,-82.5271,80.74,64,63,2.73,broken clouds
15,Rocha,UY,-34.4833,-54.3333,54.66,90,6,6.42,clear sky
16,Calama,CL,-22.4667,-68.9333,52.93,14,0,3.11,clear sky
17,Damghan,IR,36.1683,54.348,78.66,37,0,3.6,clear sky
18,Bambous Virieux,MU,-20.3428,57.7575,74.21,77,35,17.0,light rain
19,Mahebourg,MU,-20.4081,57.7,74.25,77,28,17.11,scattered clouds
20,Luderitz,NA,-26.6481,15.1594,58.19,82,69,1.34,broken clouds
21,Busselton,AU,-33.65,115.3333,50.04,75,94,7.87,overcast clouds
22,Dzhebariki-Khaya,RU,62.2167,135.8,64.49,59,95,3.56,overcast clouds
23,Neuquen,AR,-38.9516,-68.0591,64.29,55,0,0.0,clear sky
24,Brae,GB,60.3964,-1.353,49.91,85,91,13.38,overcast clouds
25,Port Elizabeth,ZA,-33.918,25.5701,59.29,100,90,2.3,mist
26,Isla Vista,US,34.4133,-119.861,97.07,42,1,8.05,clear sky
27,Arraial Do Cabo,BR,-22.9661,-42.0278,69.75,66,11,13.78,few clouds
28,Barrow,US,71.2906,-156.7887,33.82,86,90,8.05,overcast clouds
29,Hobart,AU,-42.8794,147.3294,56.01,92,75,10.36,broken clouds
30,Orissaare,EE,58.5592,23.0826,59.07,93,100,6.17,overcast clouds
31,Faanui,PF,-16.4833,-151.75,80.29,77,37,15.21,scattered clouds
32,Dhidhdhoo,MV,6.8833,73.1,81.82,77,98,15.99,overcast clouds
33,Awbari,LY,26.5921,12.7805,79.32,25,0,3.69,clear sky
34,Takoradi,GH,4.8845,-1.7554,79.23,86,85,8.14,overcast clouds
35,Ponta Do Sol,PT,32.6667,-17.1,68.63,68,3,6.33,clear sky
36,Alyangula,AU,-13.8483,136.4192,75.27,77,63,8.1,broken clouds
37,Albany,US,42.6001,-73.9662,76.64,55,56,2.19,broken clouds
38,Vestmannaeyjar,IS,63.4427,-20.2734,44.51,86,100,30.47,overcast clouds
39,Torbay,CA,47.6666,-52.7314,51.28,100,45,12.12,scattered clouds
40,Northam,GB,51.0333,-4.2167,58.39,91,8,3.36,clear sky
41,Ushuaia,AR,-54.8,-68.3,38.86,87,75,26.46,broken clouds
42,East London,ZA,-33.0153,27.9116,65.34,54,95,3.44,overcast clouds
43,Tahe,CN,52.3333,124.7333,70.41,53,64,2.86,broken clouds
44,Cidreira,BR,-30.1811,-50.2056,56.21,73,1,8.21,clear sky
45,Birobidzhan,RU,48.8,132.95,62.28,85,52,5.68,broken clouds
46,Ballina,AU,-28.8667,153.5667,58.78,69,1,7.56,clear sky
47,Khatanga,RU,71.9667,102.5,35.4,98,99,9.98,light rain
48,Deputatskiy,RU,69.3,139.9,53.55,56,100,1.97,light rain
49,Vaini,TO,-21.2,-175.2,77.16,65,20,12.66,few clouds
50,Mecca,SA,21.4267,39.8261,90.55,37,8,1.66,clear sky
51,Harper,LR,4.375,-7.7169,78.93,85,100,8.48,overcast clouds
52,Qaanaaq,GL,77.484,-69.3632,35.2,84,96,3.38,overcast clouds
53,Kapaa,US,22.0752,-159.319,80.92,70,75,4.0,broken clouds
54,Buala,SB,-8.145,159.5921,83.55,70,18,4.72,few clouds
55,Lata,PT,40.1629,-8.3327,67.05,93,93,5.17,overcast clouds
56,Upernavik,GL,72.7868,-56.1549,36.03,87,95,4.9,overcast clouds
57,Hailey,US,43.5196,-114.3153,57.04,32,6,7.0,clear sky
58,Isangel,VU,-19.55,169.2667,78.6,70,33,8.99,scattered clouds
59,Khor,RU,47.8861,134.9464,62.49,87,34,8.97,scattered clouds
60,Hithadhoo,MV,-0.6,73.0833,81.43,75,21,7.65,few clouds
61,Peleduy,RU,59.6289,112.7406,56.7,45,0,2.46,clear sky
62,Pisco,PE,-13.7,-76.2167,64.45,77,90,12.66,overcast clouds
63,Bougouni,ML,11.417,-7.479,81.05,66,45,5.57,light rain
64,Gushikawa,JP,26.3544,127.8686,83.79,89,20,10.36,few clouds
65,Coari,BR,-4.085,-63.1414,76.75,87,73,2.17,broken clouds
66,Narsaq,GL,60.9167,-46.05,50.22,78,70,6.49,broken clouds
67,Nautla,MX,20.2167,-96.7833,80.49,76,100,9.1,overcast clouds
68,Hermanus,ZA,-34.4187,19.2345,56.89,77,20,5.99,few clouds
69,Bluff,NZ,-46.6,168.3333,51.46,98,100,6.91,light rain
70,Cabo San Lucas,MX,22.8909,-109.9124,96.51,61,3,9.66,clear sky
71,Auki,SB,-8.7676,160.7034,83.35,69,38,2.89,scattered clouds
72,Cayenne,GF,4.9333,-52.3333,79.09,86,0,0.0,clear sky
73,Vostok,RU,46.4856,135.8833,63.72,86,12,2.84,few clouds
74,Hauge,NO,58.3436,6.2812,51.96,78,59,19.91,broken clouds
75,Rehoboth,NA,-23.3167,17.0833,56.16,29,69,5.32,broken clouds
76,Trat,TH,12.5,102.5,74.3,96,100,2.46,heavy intensity rain
77,Chimbote,PE,-9.0853,-78.5783,66.52,83,10,9.28,clear sky
78,Dikson,RU,73.5069,80.5464,30.09,97,70,10.31,broken clouds
79,Norman Wells,CA,65.282,-126.8329,50.18,96,100,8.84,moderate rain
80,Makat,KZ,47.6469,53.3463,77.2,43,78,8.43,broken clouds
81,Saint-Francois,FR,46.4154,3.9054,64.67,85,0,1.14,clear sky
82,New Norfolk,AU,-42.7826,147.0587,55.65,82,93,1.88,overcast clouds
83,Kodiak,US,57.79,-152.4072,51.48,73,92,1.66,overcast clouds
84,Tuktoyaktuk,CA,69.4541,-133.0374,39.92,81,100,14.85,overcast clouds
85,Souillac,MU,-20.5167,57.5167,74.35,79,10,15.37,clear sky
86,Puerto Ayora,EC,-0.7393,-90.3518,74.55,87,70,5.99,broken clouds
87,Warwick,US,41.7001,-71.4162,72.48,80,96,7.56,overcast clouds
88,Puno,PE,-15.8333,-70.0333,42.44,55,1,6.04,clear sky
89,Abu Kamal,SY,34.4506,40.9171,78.98,25,0,11.3,clear sky
90,Ginda,IN,30.6945,78.4932,61.74,82,20,4.79,few clouds
91,Port Alfred,ZA,-33.5906,26.891,64.49,65,100,2.39,overcast clouds
92,Esperance,AU,-33.8667,121.9,58.64,71,87,6.55,overcast clouds
93,Hanmer Springs,NZ,-42.5167,172.8167,54.81,79,100,6.08,overcast clouds
94,Bagdarin,RU,54.4333,113.6,53.31,75,100,2.98,light rain
95,Provideniya,RU,64.3833,-173.3,39.2,96,100,13.11,overcast clouds
96,Banda Aceh,ID,5.5577,95.3222,79.75,79,95,11.01,overcast clouds
97,Haines Junction,CA,60.7522,-137.5108,70.93,23,96,6.49,overcast clouds
98,Sobolevo,RU,54.4299,31.8996,54.19,94,8,7.23,clear sky
99,Bhanpuri,IN,21.1,80.9167,78.49,79,100,8.95,overcast clouds
100,Cockburn Town,TC,21.4612,-71.1419,80.8,82,35,15.59,scattered clouds
101,Alta Floresta,BR,-9.8756,-56.0861,76.24,66,54,4.38,broken clouds
102,Henties Bay,NA,-22.116,14.2845,56.86,86,96,8.01,overcast clouds
103,Sao Gabriel Da Cachoeira,BR,-0.1303,-67.0892,73.76,97,98,1.81,moderate rain
104,San-Pedro,CI,4.7485,-6.6363,77.88,87,62,6.69,broken clouds
105,Avarua,CK,-21.2078,-159.775,75.25,64,75,14.97,broken clouds
106,Tortoli,IT,39.9256,9.6572,67.98,76,30,3.15,scattered clouds
107,Jamestown,US,42.097,-79.2353,79.92,64,1,3.0,clear sky
108,Galeana,MX,24.8333,-100.0667,73.89,47,100,10.11,overcast clouds
109,Mildura,AU,-34.2,142.15,51.76,93,75,5.75,broken clouds
110,Loreto,MX,22.2667,-101.9667,71.6,49,100,20.45,overcast clouds
111,Yellowknife,CA,62.456,-114.3525,57.56,76,62,11.01,broken clouds
112,Meulaboh,ID,4.1363,96.1285,75.31,87,98,4.88,overcast clouds
113,Buraydah,SA,26.326,43.975,80.08,15,0,9.62,clear sky
114,Kaitangata,NZ,-46.2817,169.8464,54.93,85,100,1.07,moderate rain
115,Cape Town,ZA,-33.9258,18.4232,57.11,99,28,5.75,fog
116,Codrington,AU,-38.2667,141.9667,52.43,86,100,4.65,overcast clouds
117,Clyde River,CA,70.4692,-68.5914,32.7,91,58,8.48,broken clouds
118,Bergen,NO,60.392,5.328,51.58,81,75,6.91,broken clouds
119,Port-Gentil,GA,-0.7193,8.7815,78.42,86,97,6.71,overcast clouds
120,Rajanpur,PK,29.1035,70.325,91.45,55,1,16.87,clear sky
121,Tasiilaq,GL,65.6145,-37.6368,35.76,98,99,9.82,light rain
122,San Patricio,US,28.017,-97.5169,92.12,62,42,12.73,scattered clouds
123,Palmer,US,42.1584,-72.3287,74.75,58,20,3.44,few clouds
124,Bethel,US,41.3712,-73.414,71.26,76,90,6.91,overcast clouds
125,Birjand,IR,32.8663,59.2211,76.08,22,0,7.49,clear sky
126,San Quintin,MX,30.4833,-115.95,69.22,65,43,17.2,scattered clouds
127,Havre-Saint-Pierre,CA,50.2334,-63.5986,51.78,67,98,5.48,overcast clouds
128,Kyra,RU,49.5776,111.9753,61.77,70,73,1.77,broken clouds
129,Barceloneta,PR,18.4505,-66.5385,83.53,85,82,10.58,broken clouds
130,Linfen,CN,36.0889,111.5189,77.76,71,82,3.58,broken clouds
131,Carnarvon,AU,-24.8667,113.6333,55.47,56,90,6.91,overcast clouds
132,Kingman,US,35.1894,-114.053,101.03,5,1,17.27,clear sky
133,Butaritari,KI,3.0707,172.7902,81.61,77,46,7.9,moderate rain
134,Talaya,RU,61.3833,152.75,63.14,29,0,2.13,clear sky
135,Biggar,GB,55.6167,-3.5167,58.59,86,64,6.62,broken clouds
136,Svetlogorsk,BY,52.6333,29.7333,56.57,93,80,6.96,broken clouds
137,Phalaborwa,ZA,-23.943,31.1411,59.05,61,0,2.93,clear sky
138,Rio Grande,BR,-32.035,-52.0986,56.93,82,0,7.29,clear sky
139,Dwarka,IN,22.2394,68.9678,84.61,77,55,17.25,broken clouds
140,Lovozero,RU,68.005,35.0117,59.58,58,70,7.54,broken clouds
141,Marystown,CA,47.1666,-55.1483,51.85,100,79,8.88,broken clouds
142,Cagliari,IT,39.245,9.0912,73.9,63,0,1.14,clear sky
143,Kahului,US,20.8947,-156.47,84.22,66,40,21.85,scattered clouds
144,Lebu,CL,-37.6167,-73.65,56.35,88,100,5.61,overcast clouds
145,Lavrentiya,RU,65.5833,-171.0,36.81,97,100,8.68,overcast clouds
146,Dalbandin,PK,28.8947,64.4101,90.01,5,0,2.3,clear sky
147,Beringovskiy,RU,63.05,179.3167,36.39,99,100,8.7,light rain
148,Pedernales,DO,18.0384,-71.744,83.34,71,20,11.1,few clouds
149,Kasane,BW,-17.8167,25.15,53.4,45,38,3.31,scattered clouds
150,Londa,IN,15.4691,74.5191,68.34,95,100,7.7,overcast clouds
151,Praya,CV,14.9215,-23.5087,77.54,83,75,4.61,broken clouds
152,Najran,SA,17.4924,44.1277,77.43,19,14,3.78,few clouds
153,Guaruja,BR,-23.9931,-46.2564,69.89,26,25,1.01,scattered clouds
154,Te Anau,NZ,-45.4167,167.7167,52.9,99,100,1.79,light rain
155,Berdigestyakh,RU,62.0989,126.6992,57.07,45,48,4.21,scattered clouds
156,Mar Del Plata,AR,-38.0023,-57.5575,63.0,78,17,1.99,few clouds
157,Saint-Joseph,RE,-21.3667,55.6167,71.96,74,49,12.19,scattered clouds
158,Selfoss,IS,63.9331,-20.9971,45.48,72,100,15.55,light rain
159,Batemans Bay,AU,-35.7167,150.1833,57.9,69,25,4.38,scattered clouds
160,Port Hardy,CA,50.6996,-127.4199,54.36,87,100,3.85,overcast clouds
161,Innisfail,AU,-17.5333,146.0333,71.73,93,98,5.1,overcast clouds
162,Flinders,AU,-34.5833,150.8552,58.37,60,0,8.99,clear sky
163,Ostrovnoy,RU,68.0531,39.5131,61.02,50,4,13.69,clear sky
164,Udachnyy,RU,66.4167,112.4,48.61,78,100,12.91,light rain
165,Salalah,OM,17.0151,54.0924,84.29,89,75,4.61,broken clouds
166,Yazoo City,US,32.8551,-90.4056,92.14,72,98,2.93,overcast clouds
167,Longyearbyen,SJ,78.2186,15.6401,35.44,55,20,16.11,few clouds
168,San Isidro,PE,-12.1167,-77.05,66.02,88,90,9.22,overcast clouds
169,Kefamenanu,ID,-9.4467,124.4781,72.21,83,99,3.62,overcast clouds
170,Nabire,ID,-3.3667,135.4833,77.81,86,23,2.44,few clouds
171,Kuusamo,FI,65.9667,29.1833,60.84,67,0,14.97,clear sky
172,Thompson,CA,55.7435,-97.8558,48.88,98,100,4.81,overcast clouds
173,Birin,NP,26.8865,88.0718,63.59,89,99,3.09,overcast clouds
174,Cerrito,CO,6.8432,-72.694,52.99,94,99,5.14,moderate rain
175,Mahajanga,MG,-15.7167,46.3167,73.42,83,20,2.3,light rain
176,Sokoni,TZ,-6.4333,39.55,78.22,71,52,15.19,broken clouds
177,Jiaojiang,CN,28.6803,121.4428,77.0,97,100,2.44,light rain
178,Babati,TZ,-4.2167,35.75,54.32,93,5,1.16,clear sky
179,Tura,IN,25.5198,90.2201,73.87,96,100,3.71,moderate rain
180,Monrovia,LR,6.3005,-10.7969,76.77,81,100,7.94,overcast clouds
181,Mazatlan,MX,23.2167,-106.4167,88.02,76,75,4.0,broken clouds
182,Lop Buri,TH,14.7981,100.654,72.14,98,100,7.31,light rain
183,Bilibino,RU,68.0546,166.4372,53.46,44,11,1.57,few clouds
184,Nanakuli,US,21.3906,-158.1547,87.75,48,20,11.5,few clouds
185,Bubaque,GW,11.2833,-15.8333,81.32,80,64,5.41,light rain
186,Victor Harbor,AU,-35.5667,138.6167,53.91,71,98,5.03,overcast clouds
187,Gandajika,CD,-6.75,23.95,68.74,48,0,5.17,clear sky
188,Urucui,BR,-7.2294,-44.5561,79.99,41,16,3.47,few clouds
189,Khash,IR,28.2211,61.2158,81.75,10,0,3.27,clear sky
190,Kayerkan,RU,69.3497,87.7602,32.04,95,99,7.18,overcast clouds
191,Ulaangom,MN,49.9811,92.0667,51.76,67,0,6.46,clear sky
192,Mount Isa,AU,-20.7333,139.5,60.57,27,59,0.0,broken clouds
193,Mezhdurechensk,RU,53.6942,88.0603,50.13,90,73,1.36,broken clouds
194,Guerrero Negro,MX,27.9769,-114.0611,69.75,64,34,21.5,scattered clouds
195,Savonlinna,FI,61.8699,28.88,60.26,94,20,6.91,few clouds
196,Geraldton,AU,-28.7667,114.6,52.21,93,40,10.36,scattered clouds
197,La Ronge,CA,55.1001,-105.2842,69.13,32,79,12.15,broken clouds
198,Severo-Kurilsk,RU,50.6789,156.125,51.35,81,73,9.51,broken clouds
199,Hilo,US,19.7297,-155.09,80.33,68,90,8.05,light rain
200,Sahuaripa,MX,29.05,-109.2333,113.23,6,65,12.84,broken clouds
201,Vila,PT,42.0304,-8.1588,63.48,81,39,5.26,scattered clouds
202,Pauini,BR,-7.7136,-66.9764,77.81,71,86,3.98,overcast clouds
203,Eureka,US,40.8021,-124.1637,79.75,66,79,10.0,broken clouds
204,Kushima,JP,31.4583,131.2333,75.83,94,98,3.51,light rain
205,Georgetown,MY,5.4112,100.3354,83.89,82,20,1.14,few clouds
206,Luwuk,ID,-0.9516,122.7875,77.72,85,98,2.3,overcast clouds
207,Merauke,ID,-8.4667,140.3333,79.38,86,35,9.48,scattered clouds
208,Ancud,CL,-41.8697,-73.8203,46.42,90,100,3.47,moderate rain
209,Montrose,US,38.4166,-108.2673,82.53,7,0,17.11,clear sky
210,Monforte De Lemos,ES,42.5216,-7.5142,69.57,87,38,0.47,scattered clouds
211,Tuatapere,NZ,-46.1333,167.6833,53.49,98,100,3.94,moderate rain
212,San Jeronimo,PE,-11.9472,-75.2829,53.06,70,62,6.29,broken clouds
213,Bhuj,IN,23.2667,69.6667,84.27,74,16,16.69,few clouds
214,Ahuimanu,US,21.4447,-157.8378,87.51,57,1,12.66,clear sky
215,Margate,GB,51.3813,1.3862,61.3,84,13,3.0,few clouds
216,Nikolskoye,RU,59.7035,30.7861,58.89,96,44,5.61,scattered clouds
217,Mizdah,LY,31.4451,12.9801,67.71,53,28,6.87,scattered clouds
218,Constitucion,CL,-35.3333,-72.4167,56.35,92,16,10.22,few clouds
219,Pangnirtung,CA,66.1451,-65.7125,36.09,93,97,0.47,overcast clouds
220,Chokurdakh,RU,70.6333,147.9167,50.68,85,100,7.56,moderate rain
221,Along,IN,28.1667,94.7667,73.22,92,90,1.25,overcast clouds
222,Polovinnoye,RU,54.7914,65.9864,54.37,64,58,3.6,broken clouds
223,Antofagasta,CL,-23.65,-70.4,59.13,81,27,3.33,scattered clouds
224,Puerto Narino,CO,-3.7703,-70.3831,76.95,98,99,1.77,heavy intensity rain
225,Baherden,TM,38.4362,57.4316,82.56,38,0,7.43,clear sky
226,Indian Head,US,38.6001,-77.1622,78.93,65,1,0.0,clear sky
227,Krasnoselkup,RU,65.7,82.4667,42.1,79,75,9.78,broken clouds
228,Taoudenni,ML,22.6783,-3.9836,101.93,9,0,10.13,clear sky
229,Guajara,BR,-2.9667,-57.6667,78.1,80,21,3.6,few clouds
230,Digras,IN,20.1167,77.7167,81.95,70,100,9.28,overcast clouds
231,Kamen-Na-Obi,RU,53.7884,81.3423,49.05,79,78,6.17,broken clouds
232,Kurchum,KZ,48.5722,83.6542,46.98,76,1,7.11,clear sky
233,Saint George,US,37.1041,-113.5841,106.27,6,1,3.0,clear sky
234,Calvinia,ZA,-31.4707,19.776,58.55,42,30,2.62,scattered clouds
235,Larsnes,NO,62.2028,5.5773,51.6,87,97,13.18,overcast clouds
236,Ocos,GT,14.5094,-92.1933,86.5,75,100,10.51,overcast clouds
237,Port Macquarie,AU,-31.4333,152.9167,55.89,65,0,4.45,clear sky
238,Anacortes,US,48.5126,-122.6127,78.75,49,1,1.99,haze
239,Mikuni,JP,36.2171,136.1519,68.65,91,100,2.06,overcast clouds
240,Conceicao Do Araguaia,BR,-8.2578,-49.2647,77.27,54,48,2.15,scattered clouds
241,Mopti,ML,14.6667,-4.0,97.93,24,19,5.23,few clouds
242,Teahupoo,PF,-17.8333,-149.2667,76.96,78,29,8.66,light rain
243,Clinton,US,42.587,-82.9199,88.12,66,75,1.01,broken clouds
244,Noumea,NC,-22.2763,166.4572,78.78,99,44,0.67,scattered clouds
245,Olot,ES,42.181,2.4901,74.68,10,36,5.66,scattered clouds
246,Fairfield,US,41.2668,-73.3162,69.98,76,90,6.91,overcast clouds
247,Sawangan,ID,-6.4028,106.7744,78.67,99,20,3.44,mist
248,Stolbishche,RU,55.6468,49.216,61.25,82,0,6.71,clear sky
249,Adrar,MR,20.5022,-10.0711,100.54,13,86,5.19,overcast clouds
250,Sitka,US,57.0531,-135.33,60.69,55,75,4.61,broken clouds
251,Norton,ZW,-17.8833,30.7,33.08,70,0,5.95,clear sky
252,Sakaiminato,JP,35.55,133.2333,69.62,94,100,3.02,heavy intensity rain
253,Berani,PK,25.785,68.8069,82.49,67,0,24.32,clear sky
254,Salmon Arm,CA,50.6998,-119.3024,83.62,35,40,2.95,scattered clouds
255,Namwala,ZM,-15.7504,26.4384,52.61,52,26,1.77,scattered clouds
256,Alofi,NU,-19.0595,-169.9187,74.41,60,50,21.92,scattered clouds
257,Chuy,UY,-33.6971,-53.4616,55.35,90,13,6.76,few clouds
258,Poum,NC,-20.2333,164.0167,75.13,74,2,6.78,clear sky
259,Gorontalo,ID,0.5412,123.0595,76.23,90,99,1.81,overcast clouds
260,Saint Anthony,US,45.0205,-93.218,85.75,24,1,1.99,clear sky
261,Matara,LK,5.9485,80.5353,78.78,88,59,13.22,broken clouds
262,Broadstairs,GB,51.3591,1.4394,61.2,84,11,3.0,few clouds
263,Ilulissat,GL,69.2167,-51.1,39.22,81,25,5.75,scattered clouds
264,Wucheng,CN,29.6008,118.175,76.51,97,99,0.49,overcast clouds
265,Tiksi,RU,71.6872,128.8694,48.65,53,23,9.95,few clouds
266,Ribeira Grande,PT,38.5167,-28.7,68.58,83,14,1.72,few clouds
267,Inhambane,MZ,-23.865,35.3833,66.56,86,1,3.36,clear sky
268,Bontang,ID,0.1333,117.5,76.3,90,100,5.57,moderate rain
269,Calderitas,MX,18.55,-88.25,84.31,79,90,11.5,overcast clouds
270,Polis,CY,35.0367,32.4264,67.82,87,0,4.36,clear sky
271,Elk City,US,35.412,-99.4043,93.42,40,1,9.22,clear sky
272,Skibbereen,IE,51.55,-9.2667,60.6,89,3,6.51,clear sky
273,Safranbolu,TR,41.2508,32.6942,54.01,94,27,2.24,scattered clouds
274,Thaton,MM,16.9206,97.3714,75.33,95,98,3.91,overcast clouds
275,Vilhena,BR,-12.7406,-60.1458,73.38,62,98,2.89,overcast clouds
276,Labuhan,ID,-6.8844,112.2051,77.13,87,29,6.53,scattered clouds
277,Laibin,CN,23.7,109.2667,78.49,88,65,3.49,broken clouds
278,Laguna,US,38.421,-121.4238,94.91,35,1,1.01,clear sky
279,Ust-Maya,RU,60.4167,134.5333,64.17,56,47,5.55,scattered clouds
280,Ozernovskiy,RU,51.5,156.5167,50.56,88,100,3.78,light rain
281,Miri,MY,4.4148,114.0089,75.58,91,100,5.19,light rain
282,Xambioa,BR,-6.4111,-48.5364,75.69,72,69,2.57,broken clouds
283,Synevyr,UA,48.4875,23.6258,55.67,99,95,4.43,light rain
284,Nanortalik,GL,60.1432,-45.2371,37.74,84,93,7.72,overcast clouds
285,Riverton,US,40.5219,-111.9391,93.7,13,1,3.0,clear sky
286,Sao Filipe,CV,14.8961,-24.4956,76.82,79,97,4.52,overcast clouds
287,Dzilam Gonzalez,MX,21.2833,-88.9333,75.7,94,97,1.48,overcast clouds
288,Dzerzhinsk,RU,56.2389,43.4631,61.45,100,75,2.24,broken clouds
289,Katsuura,JP,35.1333,140.3,75.31,78,100,10.47,overcast clouds
290,Evensk,RU,61.95,159.2333,55.56,52,7,4.5,clear sky
291,Itarema,BR,-2.9248,-39.9167,77.77,85,53,6.89,broken clouds
292,College,US,64.8569,-147.8028,71.65,59,75,6.91,light rain
293,Portland,US,45.5234,-122.6762,81.45,46,75,1.01,broken clouds
294,Beira,MZ,-19.8436,34.8389,66.29,94,0,3.44,clear sky
295,Winnemucca,US,40.973,-117.7357,87.85,15,1,5.75,clear sky
296,Saint-Philippe,RE,-21.3585,55.7679,72.95,77,46,12.82,scattered clouds
297,Bagotville,AU,-28.9833,153.4167,58.64,69,2,7.38,clear sky
298,Beeville,US,28.4008,-97.7483,91.58,62,1,8.05,clear sky
299,Bairiki,KI,1.3292,172.9752,86.0,74,40,6.91,scattered clouds
300,Las Vegas,US,36.175,-115.1372,105.42,4,1,6.91,clear sky
301,Okakarara,NA,-20.5833,17.4333,50.05,37,24,6.44,few clouds
302,Rio Gallegos,AR,-51.6226,-69.2181,37.54,84,14,15.52,few clouds
303,Sayyan,YE,15.1718,44.3244,64.9,23,30,5.84,scattered clouds
304,Irece,BR,-11.3042,-41.8558,78.87,42,74,9.28,broken clouds
305,Aden,YE,12.7794,45.0367,87.87,68,29,15.64,scattered clouds
306,Hasaki,JP,35.7333,140.8333,77.29,84,100,12.59,overcast clouds
307,Coquimbo,CL,-29.9533,-71.3436,56.93,88,90,3.44,overcast clouds
308,Fortuna,US,40.5982,-124.1573,79.48,61,1,5.01,clear sky
309,Sakakah,SA,29.9697,40.2064,83.19,18,0,7.4,clear sky
310,Bathsheba,BB,13.2167,-59.5167,81.21,74,20,14.97,few clouds
311,Namibe,AO,-15.1961,12.1522,70.39,72,6,3.11,clear sky
312,Puntarenas,CR,9.9763,-84.8384,80.53,80,62,7.36,light rain
313,Luz,BR,-19.8014,-45.6856,64.38,63,33,4.81,scattered clouds
314,Caravelas,BR,-17.7125,-39.2481,73.94,79,98,13.15,overcast clouds
315,Longkou,CN,37.6508,120.3286,71.44,74,16,11.03,few clouds
316,Rawson,AR,-43.3002,-65.1023,53.94,48,100,7.83,overcast clouds
317,Bredasdorp,ZA,-34.5322,20.0403,55.27,82,1,3.67,clear sky
318,Ostersund,SE,63.1792,14.6357,46.85,71,40,13.8,scattered clouds
319,Alice Springs,AU,-23.7,133.8833,54.95,30,75,0.0,broken clouds
320,Hofn,IS,64.2539,-15.2082,38.59,90,100,13.0,light rain
321,Hami,CN,42.8,93.45,68.99,42,98,18.41,overcast clouds
322,Hamilton,US,39.1834,-84.5333,91.53,65,1,1.01,clear sky
323,Lalupon,NG,7.4667,4.0667,72.0,95,69,2.19,broken clouds
324,Bengkulu,ID,-3.8004,102.2655,74.88,88,88,3.8,overcast clouds
325,Mountain Home,US,43.133,-115.6912,81.88,23,1,8.05,clear sky
326,Pochutla,MX,15.7432,-96.4661,79.83,87,100,3.98,overcast clouds
327,Cabra,ES,37.4725,-4.4421,76.44,71,2,1.79,clear sky
328,Nome,US,64.5011,-165.4064,49.15,81,90,9.22,overcast clouds
329,Aguimes,ES,27.9054,-15.4461,69.85,75,20,23.02,few clouds
330,Altay,CN,47.8667,88.1167,53.15,56,79,7.2,broken clouds
331,Abu Samrah,SY,35.3029,37.1841,66.18,57,0,10.0,clear sky
332,Mitzic,GA,0.7821,11.549,69.15,98,100,2.39,light rain
333,Nouadhibou,MR,20.931,-17.0347,67.19,86,91,19.91,overcast clouds
334,Choix,MX,26.7092,-108.3219,102.87,29,4,13.11,clear sky
335,Dovers,VC,12.8833,-61.1833,76.59,78,24,15.37,few clouds
336,Canico,PT,32.6333,-16.85,69.08,64,40,9.22,scattered clouds
337,Pokosnoye,RU,55.5258,101.0536,51.69,51,100,1.79,overcast clouds
338,Krasnoarmeyskiy,RU,47.0114,42.2072,62.78,85,93,2.68,light rain
339,Arlit,NE,18.7369,7.3853,93.78,12,18,11.72,few clouds
340,Kanelovskaya,RU,46.5908,39.19,60.76,91,74,6.13,broken clouds
341,Semey,KZ,50.4111,80.2275,53.44,59,47,6.69,scattered clouds
342,Grindavik,IS,63.8424,-22.4338,45.07,81,90,12.66,light rain
343,Muros,ES,42.7762,-9.0603,72.23,75,3,9.4,clear sky
344,Berlevag,NO,70.8578,29.0864,46.81,98,100,6.46,overcast clouds
345,Zheleznodorozhnyy,RU,55.7503,38.0042,59.41,87,46,2.93,scattered clouds
346,Foz,ES,43.5692,-7.2544,67.93,96,74,4.45,broken clouds
347,Kangasala,FI,61.4638,24.076,57.97,97,100,8.08,overcast clouds
348,Mapiripan,CO,2.8892,-72.1256,74.07,95,97,4.36,light rain
349,Praia,CV,14.9215,-23.5087,77.54,83,75,4.61,broken clouds
350,Nuuk,GL,64.1835,-51.7216,39.81,81,90,9.22,overcast clouds
351,Mirabad,AF,30.4362,61.8383,91.83,14,0,18.72,clear sky
352,Wadi Maliz,TN,36.4681,8.5495,70.5,45,0,0.43,clear sky
353,Kamenka,RU,51.3223,42.7678,58.03,93,35,8.23,scattered clouds
354,Tonj,SS,7.2737,28.6822,73.15,82,68,5.03,broken clouds
355,Berbera,SO,10.4396,45.0143,91.44,44,100,10.65,overcast clouds
356,Axim,GH,4.8699,-2.2405,79.18,86,70,7.07,broken clouds
357,Pathein,MM,16.7833,94.7333,78.21,90,82,7.56,broken clouds
358,Tautira,PF,-17.7333,-149.15,82.42,78,28,7.74,light rain
359,Kudahuvadhoo,MV,2.6708,72.8944,83.25,70,93,12.8,overcast clouds
360,Baykit,RU,61.67,96.37,48.79,95,100,6.2,light rain
361,Kozhva,RU,65.1073,57.0459,63.19,43,81,5.79,broken clouds
362,Mto Wa Mbu,TZ,-3.35,35.85,60.3,89,32,3.96,scattered clouds
363,Nioro,GM,13.35,-15.75,83.75,68,78,9.71,broken clouds
364,Burnie,AU,-41.0667,145.9167,54.59,82,20,6.6,few clouds
365,Karad,IN,17.2833,74.2,71.51,88,100,12.15,overcast clouds
366,Leningradskiy,RU,69.3833,178.4167,36.97,89,93,7.58,overcast clouds
367,La Maddalena,IT,41.2142,9.4083,66.25,68,48,12.19,scattered clouds
368,Vetlanda,SE,57.4289,15.0776,53.47,68,7,9.24,clear sky
369,Naze,JP,28.3667,129.4833,75.52,86,100,11.68,moderate rain
370,Mutoko,ZW,-17.397,32.2268,48.94,58,0,3.94,clear sky
371,Sao Joao Da Barra,BR,-21.6403,-41.0511,69.04,69,93,8.93,overcast clouds
372,Suntar,RU,62.1444,117.6319,57.52,40,14,6.35,few clouds
373,Richards Bay,ZA,-28.783,32.0377,62.04,73,19,7.18,few clouds
374,Katangli,RU,51.7102,143.2326,40.33,97,100,15.1,overcast clouds
375,Marawi,PH,7.9986,124.2928,65.64,86,69,2.15,broken clouds
376,Vangaindrano,MG,-23.35,47.6,67.8,90,90,2.93,light rain
377,Upata,VE,8.0086,-62.3989,82.18,75,54,4.36,broken clouds
378,Alekseyevsk,RU,57.8406,108.3492,53.64,43,96,2.1,overcast clouds
379,Champerico,GT,14.3,-91.9167,83.35,75,98,9.64,overcast clouds
380,Yangcun,CN,39.3639,117.0603,79.27,65,63,3.94,broken clouds
381,Salinopolis,BR,-0.6136,-47.3561,75.25,86,100,7.47,overcast clouds
382,Sanming,CN,26.2486,117.6186,79.09,91,99,2.64,overcast clouds
383,Libenge,CD,3.65,18.6333,74.43,85,86,3.15,light rain
384,Tual,ID,-5.6667,132.75,81.59,82,72,16.4,broken clouds
385,Talnakh,RU,69.4865,88.3972,31.68,91,30,6.78,scattered clouds
386,Kruisfontein,ZA,-34.0033,24.7314,54.88,73,95,3.76,overcast clouds
387,Bridgetown,BB,13.1,-59.6167,81.09,74,20,14.97,few clouds
388,Westport,US,41.1415,-73.3579,70.63,78,1,1.01,clear sky
389,Gillette,US,44.2911,-105.5022,89.82,10,1,1.99,clear sky
390,Faya,SA,18.3851,42.4509,68.52,19,7,6.13,clear sky
391,Morwa,IN,22.9,73.8333,87.06,62,39,13.31,scattered clouds
392,Agirish,RU,61.9247,63.0231,57.06,54,13,5.21,few clouds
393,Dieppe,FR,49.75,1.1667,58.21,89,55,3.31,broken clouds
394,Magadan,RU,59.5667,150.8,50.68,62,63,5.12,broken clouds
395,Guiyang,CN,26.5833,106.7167,69.67,93,45,6.69,scattered clouds
396,Le Port,RE,-20.9373,55.2919,73.36,84,39,11.92,scattered clouds
397,San Vicente,AR,-26.6167,-54.1333,49.23,80,0,3.09,clear sky
398,Luena,AO,-11.7833,19.9167,50.79,51,1,4.29,clear sky
399,Kilemary,RU,56.7783,46.8659,55.17,99,80,5.41,broken clouds
400,Yantal,RU,56.8471,105.2542,52.7,45,100,1.59,overcast clouds
401,Yen Bai,VN,21.7,104.8667,78.37,91,98,1.41,overcast clouds
402,Vila Velha,BR,-20.3297,-40.2925,69.75,78,40,6.91,scattered clouds
403,Porto-Vecchio,FR,41.591,9.2795,69.33,82,0,3.44,clear sky
404,Lagoa,PT,39.05,-27.9833,67.64,84,0,1.39,clear sky
405,Pevek,RU,69.7008,170.3133,35.62,82,14,0.72,few clouds
406,Saldanha,ZA,-33.0117,17.9442,59.72,70,47,0.83,scattered clouds
407,Devils Lake,US,48.1128,-98.8651,80.94,27,1,8.01,clear sky
408,Moyale,KE,3.5167,39.0584,68.63,63,100,12.24,overcast clouds
409,Baruun-Urt,MN,46.6806,113.2792,68.09,45,93,5.06,light rain
410,Ahipara,NZ,-35.1667,173.1667,61.77,82,100,10.42,moderate rain
411,Batagay-Alyta,RU,67.8006,130.4114,52.86,41,0,6.58,clear sky
412,Heihe,CN,50.2441,127.4902,61.38,68,91,5.12,overcast clouds
413,Port Augusta,AU,-32.5,137.7667,57.34,48,92,6.31,overcast clouds
414,Porto Santo,PT,33.072,-16.3415,68.38,83,75,13.8,broken clouds
415,Petropavlovsk-Kamchatskiy,RU,53.0452,158.6483,48.79,100,90,8.95,light rain
416,Ivdel,RU,60.6911,60.4206,53.96,64,93,2.26,overcast clouds
417,Iroquois Falls,CA,48.7669,-80.6831,66.38,54,100,1.59,light rain
418,Victoria,HK,22.2855,114.1577,83.25,94,100,5.99,overcast clouds
419,Obanazawa,JP,38.6033,140.4019,73.56,71,100,1.16,overcast clouds
420,Saint-Pierre,RE,-21.3393,55.4781,73.04,75,0,8.05,clear sky
421,Andenes,NO,69.3143,16.1194,48.07,93,90,6.91,overcast clouds
422,Penha,BR,-26.7694,-48.6458,57.34,88,0,2.3,clear sky
423,Nantucket,US,41.2835,-70.0995,64.96,77,1,5.75,clear sky
424,Oga,IT,46.4631,10.347,56.7,89,80,6.29,broken clouds
425,Shimoda,JP,34.6667,138.95,75.11,76,100,6.11,light rain
426,Micheweni,TZ,-4.9667,39.8333,77.32,74,19,13.09,few clouds
427,Shelburne,CA,44.0787,-80.2041,74.12,77,95,5.48,overcast clouds
428,North Bend,US,43.4065,-124.2243,73.24,83,90,4.61,overcast clouds
429,Kendari,ID,-3.945,122.4989,75.54,93,100,2.37,light rain
430,Baie-Comeau,CA,49.2168,-68.1489,63.54,42,64,4.36,broken clouds
431,Verkh-Tula,RU,54.8839,82.7762,44.38,76,0,2.24,clear sky
432,Katherine,AU,-14.4667,132.2667,66.52,63,70,3.44,broken clouds
433,Puerto Madero,MX,14.7208,-92.4215,79.0,83,75,9.22,broken clouds
434,Bosaso,SO,11.2842,49.1816,93.04,39,74,17.78,broken clouds
435,Koulikoro,ML,14.0,-7.75,94.62,25,32,6.6,scattered clouds
436,Todos Santos,MX,23.45,-110.2167,96.01,82,2,5.17,clear sky
437,Nelidovo,RU,56.2211,32.7774,56.39,83,88,4.83,overcast clouds
438,Bara,NG,10.3744,10.7288,78.48,80,82,11.16,broken clouds
439,Vagay,RU,57.9375,69.0217,55.02,69,99,5.23,overcast clouds
440,Terney,RU,45.0503,136.6092,69.93,64,0,3.02,clear sky
441,Manavalakurichi,IN,8.1333,77.3,78.89,87,100,15.82,overcast clouds
442,Mersing,MY,2.4312,103.8405,77.43,90,92,5.08,overcast clouds
443,Dodge City,US,37.7528,-100.0171,91.24,40,40,10.0,scattered clouds
444,Verkhnyaya Inta,RU,65.9811,60.3094,63.09,50,65,11.05,broken clouds
445,Semiluki,RU,51.6853,39.0279,59.45,100,90,4.47,fog
446,Makarov,RU,48.6333,142.8,49.59,96,100,6.85,overcast clouds
447,Kawalu,ID,-7.3817,108.2082,73.33,94,99,0.69,overcast clouds
448,Asau,RO,46.4333,26.4,58.95,81,4,7.11,clear sky
449,Jaysingpur,IN,16.779,74.5564,71.55,85,100,16.02,overcast clouds
450,Banjar,ID,-8.19,114.9675,75.06,83,17,3.31,few clouds
451,Bonthe,SL,7.5264,-12.505,80.13,79,97,7.27,overcast clouds
452,Tolmachevo,RU,54.9824,82.7363,44.58,76,0,2.24,clear sky
453,Naifaru,MV,5.4444,73.3657,82.22,77,96,15.32,light rain
454,Koshurnikovo,RU,54.1667,93.3,46.58,95,100,1.32,overcast clouds
455,Solnechnyy,RU,50.7214,136.6319,49.78,78,98,9.08,overcast clouds
456,Batavia,US,41.85,-88.3126,86.52,70,1,1.99,clear sky
457,Abu Dhabi,AE,24.4667,54.3667,87.53,70,1,13.78,clear sky
458,Brindisi,IT,40.5833,17.6667,70.48,76,2,8.68,clear sky
459,Lasa,IT,46.6166,10.7002,64.02,89,94,6.98,overcast clouds
460,Lisakovsk,KZ,52.5369,62.4936,57.2,51,11,9.01,few clouds
461,Grand Gaube,MU,-20.0064,57.6608,74.37,65,31,8.01,scattered clouds
462,Puerto Carreno,CO,6.189,-67.4859,77.34,82,98,7.11,light rain
463,Kavaratti,IN,10.5669,72.642,83.05,77,100,19.28,overcast clouds
464,Olinda,BR,-8.0089,-34.8553,74.93,73,20,12.66,few clouds
465,Moranbah,AU,-22.0016,148.0466,67.33,51,74,2.59,broken clouds
466,Ouadda,CF,8.0777,22.4007,73.56,82,100,5.19,overcast clouds
467,Anloga,GH,5.7947,0.8973,81.7,79,42,9.48,scattered clouds
468,Atambua,ID,-9.1061,124.8925,72.7,81,90,4.47,overcast clouds
469,Azambuja,PT,39.0703,-8.8682,71.38,89,71,4.43,broken clouds
470,Penzance,GB,50.1186,-5.5371,56.08,90,7,8.93,clear sky
471,Pineville,US,31.3224,-92.4343,93.18,57,1,8.05,clear sky
472,Sungairaya,ID,0.7,108.9,76.48,86,98,4.14,overcast clouds
473,Ixtapa,MX,20.7,-105.2,76.23,73,90,13.8,overcast clouds
474,Kaniama,CD,-7.5667,24.1833,66.51,50,0,4.97,clear sky
475,Cordoba,AR,-31.4135,-64.1811,69.76,51,0,5.99,clear sky
476,Qingdao,CN,36.0986,120.3719,69.21,84,7,7.38,clear sky
477,Xiamen,CN,24.4798,118.0819,79.3,86,99,3.89,overcast clouds
478,Kogon,UZ,39.7228,64.5517,75.24,31,0,6.91,clear sky
479,Itoman,JP,26.1247,127.6694,84.58,89,75,8.05,broken clouds
480,Ambulu,ID,-8.345,113.6058,72.73,90,5,3.04,clear sky
481,Yenagoa,NG,4.9247,6.2642,75.83,91,99,1.95,overcast clouds
482,Eluru,IN,16.7,81.1,80.1,81,100,10.65,moderate rain
483,Sabang,ID,5.8933,95.3214,82.78,76,100,17.38,overcast clouds
484,Jamame,SO,0.0722,42.7506,75.67,81,94,11.14,overcast clouds
485,Vila Franca Do Campo,PT,37.7167,-25.4333,68.41,87,37,3.44,scattered clouds
486,Erzin,TR,36.9559,36.2,71.01,86,13,1.74,few clouds
487,Airai,TL,-8.9266,125.4092,60.1,79,60,3.0,broken clouds
488,Aklavik,CA,68.2191,-135.0107,66.42,35,100,15.46,overcast clouds
489,Ambilobe,MG,-13.2,49.05,69.58,94,39,2.13,scattered clouds
490,Marina,US,36.6844,-121.8022,91.58,72,20,5.01,few clouds
491,Khandyga,RU,62.6667,135.6,60.78,60,96,3.22,overcast clouds
492,Soe,ID,-9.8607,124.284,66.07,87,48,4.56,scattered clouds
493,Touros,BR,-5.1989,-35.4608,77.9,77,1,12.66,clear sky
494,Gornyak,RU,50.9942,81.4661,49.73,83,99,3.33,overcast clouds
495,Oktyabrskiy,RU,54.4815,53.471,57.42,95,70,6.71,broken clouds
496,Patharia,IN,23.9,79.2,82.69,61,61,4.65,broken clouds
497,Azangaro,PE,-14.9167,-70.2167,44.96,56,80,5.23,broken clouds
498,Tabas,IR,33.5959,56.9244,89.28,14,0,5.17,clear sky
499,Srednekolymsk,RU,67.45,153.6833,65.39,32,81,9.31,broken clouds
500,Padang,ID,-0.9492,100.3543,78.94,76,96,4.03,overcast clouds
501,Huarmey,PE,-10.0681,-78.1522,67.5,80,2,8.77,clear sky
502,Leshukonskoye,RU,64.8989,45.7622,58.39,56,89,5.61,overcast clouds
503,Roald,NO,62.5833,6.1333,51.91,76,90,12.66,overcast clouds
504,Hambantota,LK,6.1241,81.1185,79.75,82,46,19.06,scattered clouds
505,Vaitape,PF,-16.5167,-151.75,80.28,76,37,15.14,scattered clouds
506,Mahayag,PH,8.1183,123.4455,77.31,91,77,1.61,broken clouds
507,Bac Lieu,VN,9.285,105.7244,79.47,82,100,11.7,overcast clouds
508,Lompoc,US,34.6391,-120.4579,89.13,75,1,14.97,clear sky
509,Mehran,IR,33.1222,46.1646,84.45,17,0,21.07,clear sky
510,Nara,JP,34.6851,135.8049,73.49,73,100,2.06,overcast clouds
511,Turayf,SA,31.6725,38.6637,78.19,25,0,7.05,clear sky
512,Bandarbeyla,SO,9.4942,50.8122,78.93,73,52,28.83,broken clouds
513,Vallenar,CL,-28.5708,-70.7581,59.16,64,0,3.42,clear sky
514,Notre-Dame-Du-Lac,CA,47.6136,-68.7964,69.24,50,3,6.33,clear sky
515,Nivala,FI,63.9167,24.9667,55.69,98,100,5.59,light rain
516,Rivers,CA,50.0308,-100.2403,72.54,52,2,12.57,clear sky
517,Nago,JP,26.5881,127.9761,84.63,86,99,7.61,overcast clouds
518,Cortez,US,37.3489,-108.5859,95.52,4,1,12.66,clear sky
519,Quatre Cocos,MU,-20.2078,57.7625,74.08,76,39,16.49,light rain
520,Lorengau,PG,-2.0226,147.2712,84.52,70,11,11.43,few clouds
521,Goderich,CA,43.7501,-81.7165,76.21,81,75,4.52,broken clouds
522,Vejen,DK,55.4833,9.15,55.6,76,10,13.8,clear sky
523,Port Blair,IN,11.6667,92.75,82.81,82,99,19.91,overcast clouds
524,Hervey Bay,AU,-25.2986,152.8535,60.03,69,53,3.0,broken clouds
525,Hay River,CA,60.8156,-115.7999,58.48,60,84,6.17,broken clouds
526,Sisimiut,GL,66.9395,-53.6735,38.44,81,24,5.48,few clouds
527,Turinskaya Sloboda,RU,57.6232,64.3858,53.19,73,74,3.27,broken clouds
528,Pizarro,CO,4.9533,-77.366,79.88,83,52,6.62,broken clouds
529,Sokoto,NG,13.0609,5.239,89.91,42,64,11.14,broken clouds
530,Accra,GH,5.556,-0.1969,80.92,80,80,6.85,broken clouds
531,Opuwo,NA,-18.0607,13.84,58.53,31,15,6.22,few clouds
532,Ust-Ilimsk,RU,58.0006,102.6619,53.11,43,6,3.06,clear sky
533,Rabo De Peixe,PT,37.8,-25.5833,67.51,77,40,2.3,scattered clouds
534,General Roca,AR,-39.0333,-67.5833,64.8,46,78,2.66,broken clouds
535,Ipswich,GB,52.0592,1.1555,59.13,84,27,5.41,scattered clouds
536,Koulamoutou,GA,-1.1303,12.4736,72.45,97,64,1.23,broken clouds
537,Maple Creek,CA,49.9168,-109.4848,72.46,32,77,17.9,broken clouds
538,Zhanaozen,KZ,43.3,52.8,77.67,46,2,19.6,clear sky
539,Dauriya,RU,49.9333,116.8667,70.25,43,83,8.05,broken clouds
540,Kofele,ET,7.0667,38.7833,49.33,85,70,6.67,broken clouds
541,Omsukchan,RU,62.5333,155.8,53.29,43,0,3.15,clear sky
542,Nsanje,MW,-16.92,35.262,60.22,71,0,0.16,clear sky
543,Venado Tuerto,AR,-33.7456,-61.9688,60.78,68,0,11.14,clear sky
544,Bourail,NC,-21.5667,165.4833,76.37,69,21,2.84,few clouds
545,Vao,NC,-22.6667,167.4833,73.31,77,80,11.68,broken clouds
546,Kirchheim,DE,50.8333,9.5667,54.39,95,29,3.31,scattered clouds
547,Teluknaga,ID,-6.0989,106.6381,79.61,83,20,5.75,few clouds
548,Praia Da Vitoria,PT,38.7333,-27.0667,67.75,92,19,3.29,few clouds
549,Half Moon Bay,US,37.4636,-122.4286,88.57,67,75,1.99,broken clouds
550,Guano,EC,-1.5833,-78.6333,48.02,85,83,4.72,broken clouds
551,Vigrestad,NO,58.5667,5.7,53.01,77,25,21.36,scattered clouds
552,Owensboro,US,37.7742,-87.1133,93.25,62,20,3.44,few clouds
553,Makakilo City,US,21.3469,-158.0858,86.32,47,20,11.5,few clouds
554,Ikom,NG,5.9667,8.7063,74.12,98,100,1.07,overcast clouds
555,Hohhot,CN,40.8106,111.6522,67.57,74,100,4.7,moderate rain
556,Qui Nhon,VN,13.7667,109.2333,80.26,68,100,6.85,overcast clouds
557,Aktanysh,RU,55.7216,54.0829,57.2,89,100,11.39,overcast clouds
558,Acari,PE,-15.4311,-74.6158,67.87,69,0,2.8,clear sky
559,Bilma,NE,18.6853,12.9164,93.42,13,53,12.62,broken clouds
560,Rognan,NO,67.0953,15.3878,49.05,92,93,2.48,light rain
561,Windhoek,NA,-22.5594,17.0832,47.1,46,56,2.26,broken clouds
562,Vardo,NO,70.3705,31.1107,46.54,94,98,9.84,overcast clouds
563,Malanje,AO,-9.5402,16.341,58.66,36,13,3.29,few clouds
564,Ballangen,NO,68.3428,16.8315,50.2,100,90,2.3,overcast clouds
565,Cabras,IT,39.93,8.5314,67.84,77,11,5.39,few clouds
566,Verkhnevilyuysk,RU,63.4453,120.3167,57.49,42,11,7.14,few clouds
567,Tucuma,BR,-0.1833,-50.05,75.56,90,100,3.56,overcast clouds
568,Kasba,IN,25.85,87.55,78.04,89,100,8.34,overcast clouds
569,Necochea,AR,-38.5473,-58.7368,57.04,72,42,8.16,scattered clouds
570,Guozhen,CN,34.3659,107.359,77.0,64,99,3.49,overcast clouds
571,Broken Hill,AU,-31.95,141.4333,53.24,55,91,6.08,overcast clouds
572,Coahuayana,MX,18.7333,-103.6833,78.28,57,53,5.7,broken clouds
573,Rafraf,TN,37.1904,10.1837,66.51,73,1,1.81,clear sky
574,Simga,IN,21.6333,81.7,80.62,77,88,7.23,overcast clouds
575,Ornskoldsvik,SE,63.2909,18.7153,52.75,71,27,17.27,scattered clouds
576,Santa Maria,BR,-29.6842,-53.8069,53.42,85,0,2.73,clear sky
577,Kirakira,SB,-10.4544,161.9205,81.52,80,87,11.14,overcast clouds
578,Mwene-Ditu,CD,-7.0,23.45,65.26,53,0,5.14,clear sky
579,Turukhansk,RU,65.8167,87.9833,41.54,82,73,11.99,broken clouds
580,Kirs,RU,59.3388,52.2447,57.76,84,100,6.62,overcast clouds
581,Yakeshi,CN,49.2833,120.7333,67.06,68,47,4.59,scattered clouds
582,Landeck,AT,47.1301,10.5636,62.08,92,97,3.85,overcast clouds
583,Mehamn,NO,71.0357,27.8492,48.65,95,100,3.2,light rain
584,Kieta,PG,-6.2167,155.6333,83.53,65,7,6.62,clear sky
585,La Rochelle,FR,46.1667,-1.15,73.47,68,0,9.22,clear sky
586,Betsiamites,CA,48.9413,-68.646,62.11,45,7,6.31,clear sky
587,Ramhormoz,IR,31.28,49.6035,86.29,15,0,5.26,clear sky
588,Komsomolskiy,UZ,40.4272,71.7189,68.72,45,68,4.61,broken clouds
589,Foumban,CM,5.7291,10.9001,63.34,95,100,3.8,overcast clouds
590,Baghmara,IN,23.795,86.2085,78.49,91,100,7.23,overcast clouds
591,Polunochnoye,RU,60.8697,60.4153,52.77,63,88,2.82,overcast clouds
592,At-Bashi,KG,41.1702,75.8106,47.86,92,100,2.01,light rain
593,Havelock,US,34.8791,-76.9013,77.05,88,78,1.01,broken clouds
594,Panaba,MX,21.2833,-88.2667,78.58,83,100,6.82,overcast clouds
595,Nyimba,ZM,-14.5566,30.8149,55.94,58,0,2.66,clear sky
596,Ponta Delgada,PT,37.7333,-25.6667,68.72,77,40,2.3,scattered clouds
597,Havoysund,NO,70.9963,24.6622,45.48,98,100,12.77,light rain
598,Biak,ID,-0.9131,122.8766,76.66,83,97,1.79,overcast clouds
599,Rundu,NA,-17.9333,19.7667,50.4,37,21,5.79,few clouds
600,Dera Bugti,PK,29.0307,69.151,87.4,61,1,5.5,clear sky
601,Coronado,US,32.6859,-117.1831,94.48,65,20,8.05,few clouds
602,Dunedin,NZ,-45.8742,170.5036,51.8,90,100,1.99,light rain
603,Ratnagiri,IN,16.9833,73.3,78.44,89,100,10.58,light rain
604,Camacupa,AO,-12.0167,17.4833,51.35,42,5,4.07,clear sky
605,Naryan-Mar,RU,67.6713,53.087,66.69,41,41,9.31,scattered clouds
606,Huber Heights,US,39.8439,-84.1247,90.05,52,1,0.0,clear sky
607,Yatou,CN,37.15,122.3833,69.89,73,26,5.03,scattered clouds
608,Ankazoabo,MG,-22.2833,44.5167,64.98,59,62,5.44,broken clouds
609,Skala,PL,50.2305,19.8536,56.17,89,75,9.22,broken clouds
610,Khuzhir,RU,53.1939,107.3397,45.99,69,93,4.56,overcast clouds
611,Chicama,PE,-7.8447,-79.1469,64.94,77,21,7.65,few clouds
612,Sharan,RU,54.8167,54.0,58.14,90,100,8.48,overcast clouds
613,Shelui,TZ,-4.3667,34.2,66.0,62,42,10.67,scattered clouds
614,Dicabisagan,PH,17.0818,122.4157,83.07,73,99,5.21,overcast clouds
615,Lensk,RU,60.7253,114.9278,57.47,40,1,4.09,clear sky
616,Nipawin,CA,53.3668,-104.0009,70.79,49,40,13.82,scattered clouds
617,Jutai,BR,-5.1833,-68.9,75.02,90,94,2.24,overcast clouds
618,Acapulco,MX,16.8634,-99.8901,84.02,70,75,9.22,broken clouds
619,Ust-Nera,RU,64.5667,143.2,67.84,38,50,5.64,scattered clouds
620,Svetlyy,RU,54.675,20.1347,59.05,76,31,21.74,scattered clouds
621,Velyka Bahachka,UA,49.7912,33.7226,58.15,89,1,4.74,clear sky
622,Kollam,IN,8.8833,76.6,78.67,87,100,11.61,overcast clouds
623,Tuy Hoa,VN,13.0833,109.3,78.62,70,98,5.08,overcast clouds
624,Tselinnoye,RU,53.0833,85.6667,46.33,85,77,4.0,broken clouds
625,Yicheng,CN,31.3705,119.8703,74.55,90,100,5.77,heavy intensity rain
626,Griffith,US,41.5284,-87.4237,83.57,78,1,6.91,clear sky
627,Humboldt,US,40.6665,-123.9178,70.68,49,66,8.66,broken clouds
628,Puerto Ayacucho,VE,5.6639,-67.6236,74.17,92,100,3.85,overcast clouds
629,Chiredzi,ZW,-21.05,31.6667,56.21,64,0,3.24,clear sky
630,Tema,GH,5.667,-0.0166,80.85,79,72,6.38,broken clouds
631,Lubao,PH,14.9167,120.55,82.15,81,100,0.76,overcast clouds
632,Partizanske,SK,48.6286,18.3846,63.75,94,100,8.46,overcast clouds
633,Ayame,CI,5.6083,-3.1563,75.09,96,73,2.64,broken clouds
634,Jumla,NP,29.2747,82.1838,58.59,90,89,4.03,overcast clouds
635,George Town,MY,5.4112,100.3354,83.89,82,20,1.14,few clouds
636,Petukhovo,RU,55.0692,67.9019,54.88,62,84,6.44,broken clouds
637,Stettler,CA,52.3168,-112.7186,68.23,37,20,7.58,few clouds
638,Ati,TD,13.2154,18.3353,92.66,32,71,12.84,broken clouds
639,Tha Chang,TH,9.2642,99.1922,80.15,93,95,10.0,overcast clouds
640,Kungurtug,RU,50.5994,97.5228,49.26,91,98,3.42,overcast clouds
641,Uberaba,BR,-19.7483,-47.9319,63.14,60,45,2.01,scattered clouds
642,Hailar,CN,49.2,119.7,68.85,59,32,6.42,scattered clouds
643,Erzurum,TR,40.0,41.5,51.48,85,62,5.41,broken clouds
644,Chipinge,ZW,-20.1883,32.6236,50.67,67,0,2.26,clear sky
645,Inirida,CO,3.8653,-67.9239,71.71,98,100,0.85,overcast clouds
646,Alghero,IT,40.5589,8.3181,66.29,94,22,4.61,few clouds
647,Laguna De Perlas,NI,12.3429,-83.6712,82.49,76,38,7.85,scattered clouds
648,Carndonagh,IE,55.25,-7.2667,59.61,90,99,5.82,overcast clouds
649,Zharkent,KZ,44.1628,80.0,59.56,45,100,2.48,overcast clouds
650,Lipari,IT,38.4674,14.954,72.73,75,2,7.29,clear sky
651,Semnan,IR,35.5729,53.3971,81.57,27,0,7.11,clear sky
652,Chapais,CA,49.7834,-74.8492,66.88,25,60,7.38,broken clouds
653,Kirovskiy,RU,45.0917,133.5136,69.76,73,3,4.16,clear sky
654,Viedma,AR,-40.8135,-62.9967,57.38,62,62,4.72,broken clouds
655,Namatanai,PG,-3.6667,152.4333,83.43,70,1,7.56,clear sky
656,Saravan,AM,39.7196,45.6483,61.45,73,49,6.6,scattered clouds
657,Broome,US,42.2506,-75.833,76.8,65,40,4.61,scattered clouds
658,Bograd,RU,54.2344,90.8328,46.15,72,100,5.3,overcast clouds
659,Ayan,RU,56.45,138.1667,48.24,67,100,5.66,overcast clouds
660,Yongzhou,CN,26.4559,111.5988,77.94,90,11,3.85,few clouds
661,Zyryanka,RU,65.75,150.85,67.78,31,44,15.5,scattered clouds
662,Zarubino,RU,42.63,131.0922,62.78,88,95,2.95,overcast clouds
663,Babu,CN,24.4167,111.5167,77.58,91,39,2.46,scattered clouds
664,Nagua,DO,19.3832,-69.8474,78.85,89,40,0.0,scattered clouds
665,Farah,AF,32.5,62.5,82.78,12,0,7.11,clear sky
666,Iquique,CL,-20.2208,-70.1431,60.84,80,2,3.74,clear sky
667,Key West,US,24.5557,-81.7826,84.99,74,20,9.22,few clouds
668,Arrecife,ES,28.963,-13.5477,68.07,73,20,17.27,few clouds
669,Sorong,ID,-0.8833,131.25,80.2,82,24,1.45,few clouds
670,Tabuk,PH,17.4189,121.4443,78.04,86,97,2.19,overcast clouds
671,Adeje,ES,28.1227,-16.726,67.08,64,0,4.0,clear sky
672,Tarauaca,BR,-8.1614,-70.7656,74.84,78,88,1.16,overcast clouds
673,Paita,PE,-5.0892,-81.1144,70.36,81,27,17.98,scattered clouds
674,Lampang,TH,18.3333,99.5,78.33,92,100,2.15,light rain
675,San Cristobal,VE,7.7669,-72.225,75.38,88,84,4.14,broken clouds
676,Pontian Kecil,MY,1.4801,103.3899,78.93,84,49,3.0,light rain
677,Acarau,BR,-2.8856,-40.12,78.19,84,52,7.49,broken clouds
678,Aitape,PG,-3.1374,142.3475,81.68,75,4,3.42,clear sky
679,Tromso,NO,69.6496,18.957,47.05,87,0,0.0,clear sky
680,Matagami,CA,49.7502,-77.6328,68.04,36,99,4.32,overcast clouds
681,Zaragoza,ES,41.6561,-0.8773,78.89,65,0,1.01,clear sky
682,Thinadhoo,MV,0.5333,72.9333,82.6,75,23,8.25,few clouds
683,Brownwood,US,31.7093,-98.9912,102.29,31,0,11.16,clear sky
684,Urucara,BR,-2.5364,-57.76,80.08,74,53,2.89,broken clouds
685,Brownsville,US,25.9018,-97.4975,89.58,62,40,5.99,scattered clouds
686,Sorland,NO,67.667,12.6934,48.83,82,100,12.17,overcast clouds
687,Luanda,AO,-8.8368,13.2343,72.34,92,55,6.62,broken clouds
688,Raudeberg,NO,61.9875,5.1352,49.19,91,95,15.08,overcast clouds
689,Sarangani,PH,5.4033,125.4636,83.26,72,73,8.19,broken clouds
690,Ulladulla,AU,-35.35,150.4667,57.87,66,8,5.73,clear sky
691,Satana,IN,20.5833,74.2,77.47,78,68,7.52,broken clouds
692,Kletskaya,RU,49.3145,43.0584,62.92,81,1,7.02,clear sky
693,Ferkessedougou,CI,9.6,-5.2,83.62,55,81,4.18,broken clouds
694,Fairbanks,US,64.8378,-147.7164,67.96,42,75,14.97,broken clouds
695,Darnah,LY,32.767,22.6367,71.29,81,0,13.35,clear sky
696,Popondetta,PG,-8.7537,148.2534,83.68,62,17,0.54,few clouds
697,Okhotsk,RU,59.3833,143.3,56.23,56,4,4.32,clear sky
698,Yanam,IN,16.7333,82.2167,79.84,83,100,9.78,heavy intensity rain
699,North Platte,US,41.1239,-100.7654,86.32,31,1,3.0,clear sky
700,Smolenka,RU,52.1352,113.4974,57.27,77,20,4.47,few clouds
701,Cubuk,TR,40.2386,33.0322,55.76,93,20,1.14,few clouds
702,Salinas,US,36.6777,-121.6555,91.56,64,1,17.27,clear sky
703,Barra Do Garcas,BR,-15.89,-52.2567,75.99,52,88,2.55,overcast clouds
704,Walvis Bay,NA,-22.9575,14.5053,57.09,71,86,4.94,overcast clouds
705,Hualmay,PE,-11.0964,-77.6139,66.22,82,9,9.82,clear sky
706,Islamkot,PK,24.6997,70.177,84.15,69,0,17.22,clear sky
707,Oranjemund,NA,-28.55,16.4333,58.53,76,70,9.82,broken clouds
708,Tiangua,BR,-3.7322,-40.9917,68.04,91,99,2.48,overcast clouds
709,Shingu,JP,33.7333,135.9833,76.19,87,100,0.58,overcast clouds
710,Maskinonge,CA,46.2286,-73.0192,68.63,71,74,7.09,broken clouds
711,Tolaga Bay,NZ,-38.3667,178.3,60.12,65,83,5.23,broken clouds
